2,3,03/03/2023,01/03/2023,,Approved
2,3,03/03/2023,01/03/2023,,Rejected
2,3,03/03/2023,01/03/2023,,Approved
2,3,03/03/2023,01/03/2023,asd,Rejected
2,3,03/03/2023,01/03/2023,,Approved
2,3,03/03/2023,01/03/2023,,Approved
2,3,03/03/2023,01/03/2023,asfd,Rejected
2,3,03/03/2023,01/03/2023,,Approved
3,0,20/04/2023,27/04/2023,,Approved
4,0,20/04/2023,25/04/2023,,Waiting
5,0,26/04/2023,30/04/2023,,Waiting
6,0,21/04/2023,29/04/2023,,Waiting
7,0,28/04/2023,30/04/2023,,Waiting
8,0,30/04/2023,13/05/2023,,Waiting
